batch_index,direction,level,category,broken_idx,dist_traveled_50,ret_10,ret_20,ret_50
0,-1,0.9732400178909302,matched,34,0.005050017890930181,0.002550017890930123,0.0027800178909301865,0.0019200178909302146
1,-1,0.9693400263786316,matched,116,0.002280026378631561,-0.00256997362136846,0.0006300263786316318,-0.0013399736213683955
2,-1,0.9680799841880798,matched,124,0.0010199841880798033,-0.0010600158119201675,-0.002690015811920188,-0.008140015811920143
3,1,0.970300018787384,matched,137,0.007169981212615917,-0.0004100187873840033,0.0019899812126159544,0.0007499812126159355
4,-1,0.9700899720191956,matched,203,0.001829972019195547,0.00020997201919559227,0.00025997201919558677,-0.0009700279808044776
5,-1,0.9690300226211548,matched,210,0.0007700226211547756,-0.0009399773788452137,-0.0030799773788452445,-0.0013499773788452352
6,-1,0.9695600271224976,matched,259,0.002780027122497586,-0.0016299728775024391,-0.0002899728775024313,-0.0005099728775024293
7,-1,0.968720018863678,matched,261,0.0019400188636780058,-0.00034998113632200845,-0.0021999811363220267,-0.0017999811363220708
8,1,0.9709699749946594,missed,276,0.0012400250053405948,-0.001179974994659383,-0.0005299749946594545,-0.0005099749946594345
9,-1,0.9696599841117859,matched,327,0.0011199841117859322,-0.0017400158882141525,-0.0005900158882140571,-0.0027200158882141334
10,1,0.9707000255584717,matched,335,0.009909974441528302,0.000709974441528316,0.0030999744415283192,0.007979974441528315
11,1,0.9744200110435486,matched,346,0.006189988956451398,-0.007610011043548637,0.0023199889564514686,0.003269988956451364
12,1,0.977869987487793,matched,402,0.0029500125122070564,0.0009100125122070146,-0.00025998748779298975,-0.00292998748779294
13,-1,0.9718800187110901,matched,444,0.0011800187110900806,-0.007189981288909908,-0.0018499812889098965,-0.0017299812889098876
14,1,0.9737399816513062,matched,489,0.0033300183486938417,0.0008600183486938695,-0.0002499816513061859,0.00011001834869384108
15,1,0.9770699739456177,matched,542,0.008150026054382309,0.0018100260543822966,0.007470026054382295,0.007490026054382315
16,1,0.9866499900817871,missed,614,0.0009200099182128385,-0.0037899900817871535,-0.003059990081787145,-0.0016499900817871227
17,1,0.9860399961471558,matched,670,0.0012000038528442447,0.00011000385284420933,-0.0004099961471557556,-0.002099996147155725
18,-1,0.9760500192642212,matched,784,0.0006100192642212177,-0.0004899807357787722,-0.002129980735778858,-0.004219980735778783
19,1,0.9828900098800659,missed,837,0.0016699901199340728,-0.0008800098800658684,-0.0036300098800658986,-0.005560009880065886
20,-1,0.9773399829864502,matched,876,0.002929982986450197,-0.00011001701354984572,0.00030998298645024125,0.0022199829864502085
21,-1,0.9763299822807312,matched,911,0.005829982280731172,-0.00019001771926885347,0.0016399822807312558,-0.008360017719268753
22,-1,0.983210027217865,matched,1002,0.002510027217864974,0.0005800272178649868,-0.0016099727821350385,-0.004119972782135051
23,1,0.9857900142669678,matched,1027,0.004069985733032189,0.0008899857330322281,0.001209985733032215,0.003149985733032268
24,1,0.988099992275238,matched,1061,0.001760007724761925,0.0003300077247619937,0.0002400077247619592,-0.0016799922752380736
25,-1,0.9877300262451172,matched,1088,0.002910026245117159,-0.00038997375488281083,0.001910026245117158,-0.007849973754882833
26,-1,0.9866399765014648,matched,1095,0.001819976501464815,0.0004699765014648527,0.0002999765014648492,-0.009780023498535129
27,-1,0.9954699873924255,matched,1166,0.00113998739242549,0.00039998739242552706,-0.0002500126075745124,-0.007090012607574359
28,1,1.0088900327682495,matched,1259,0.00043996723175054875,-0.0008000327682495811,-0.0006300327682495777,-0.0027300327682495684
29,-1,1.0028300285339355,matched,1309,0.007090028533935588,-0.0014499714660645147,0.005040028533935592,0.006420028533935529
30,-1,0.9972299933433533,matched,1331,0.001489993343353313,-0.0006900066566467578,0.0007399933433532846,-0.0014800066566467152
31,-1,0.9970499873161316,matched,1332,0.0013099873161316333,0.0007099873161315884,-5.0012683868394525e-05,-5.0012683868394525e-05
32,-1,0.9979900121688843,matched,1378,0.005340012168884245,0.001190012168884258,0.002010012168884301,0.004140012168884266
33,1,0.9964699745178223,matched,1401,0.002520025482177779,0.0012300254821777656,-0.002949974517822307,-0.0009499745178223051
34,1,0.9975699782371521,matched,1408,0.001420021762847945,-0.002529978237152064,-0.003429978237152076,-0.0027399782371521075
35,-1,0.9943299889564514,matched,1473,0.007029988956451461,-0.001000011043548632,0.0019199889564514017,0.006779988956451377
36,-1,0.9938300251960754,matched,1479,0.006530025196075484,-0.0008099748039245291,0.0012900251960754616,0.005530025196075483
37,-1,0.9914299845695496,matched,1499,0.004319984569549518,-0.0013200154304504608,0.0023499845695496013,0.0032499845695496132
38,-1,0.9888299703598022,matched,1508,0.0017199703598022031,0.0006999703598022933,0.0005299703598022898,-0.001210029640197785
39,1,0.9938799738883972,matched,1576,0.0015200261116027347,-0.0012299738883971845,0.00025002611160274135,-0.00614997388839722
40,1,0.9886199831962585,matched,1643,0.00208001680374148,-0.001469983196258573,5.001680374150386e-05,0.0018000168037414221
41,1,0.9889100193977356,matched,1650,0.0025999806022644067,-0.00030001939773560693,-0.0011500193977356243,-0.0019200193977355617
42,1,0.9907000064849854,missed,1692,0.006909993515014645,-0.0012200064849853254,-0.0026900064849852967,-0.008490006484985324
43,-1,0.9824299812316895,matched,1760,0.009409981231689457,0.004849981231689449,0.007559981231689439,0.007319981231689421
44,1,0.9955499768257141,matched,1957,0.007600023174285875,0.003110023174285881,0.002950023174285943,0.007550023174285991
45,-1,1.0006400346755981,matched,2039,0.0034700346755981437,0.00012003467559806857,0.002310034675598094,-0.008199965324401814
46,-1,1.005620002746582,matched,2155,0.00635000274658204,0.0010600027465821338,0.0012600027465821118,0.004820002746582119
47,-1,1.0034099817276,matched,2169,0.004139981727600106,-0.00033001827239997894,-0.0012500182724000108,0.0015799817276000994
48,1,1.0016000270843506,matched,2211,0.0026999729156493846,0.0008899729156495173,0.0010399729156493898,-0.00725002708435063
49,1,1.0039000511169434,matched,2266,0.014629948883056576,-0.006110051116943405,-0.009460051116943369,0.012879948883056658
50,1,1.018530011177063,matched,2293,0.004949988822936957,0.00018998882293708164,0.0012299888229370115,0.0033699888229370423
51,-1,1.0187499523162842,matched,2310,0.002459952316284264,0.00020995231628417876,-0.0004800476837159007,-0.011240047683715781
52,-1,1.0316200256347656,matched,2421,0.004480025634765683,0.000530025634765563,-0.002859974365234441,-0.0024299743652342887
53,1,1.0336300134658813,matched,2469,0.0022499865341185643,-5.001346588140443e-05,0.0015299865341187324,-0.0015700134658813703
54,-1,1.0315200090408325,matched,2506,0.000300009040832494,-0.0006899909591675524,-0.0013699909591675663,-0.009229990959167544
55,1,1.0418100357055664,matched,2542,0.006379964294433549,0.000689964294433576,0.0024799642944335343,-0.006840035705566461
56,-1,1.0339499711990356,matched,2597,0.0008999711990356207,-0.0037500288009644223,-0.003120028800964292,-0.008000028800964287
57,1,1.039680004119873,matched,2627,0.004189995880127029,0.002989995880126939,0.002269995880126885,-0.00014000411987313832
58,-1,1.032729983329773,missed,2744,0.002199983329773003,-0.000770016670227136,-0.001090016670227012,-0.004380016670227027
59,1,1.0369600057601929,matched,2790,0.0026399942398072085,0.0005299942398071522,0.0007599942398071047,0.0006899942398070902
60,1,1.03780996799469,matched,2803,0.0017900320053101382,-0.001139967994689961,0.0004300320053101103,-0.0037199679946899877
61,-1,1.0356600284576416,matched,2846,0.006850028457641599,-0.0001899715423583359,0.0025600284576416943,0.0055100284576417025
62,-1,1.0320099592208862,matched,2874,0.008449959220886205,-0.0009900407791136878,0.00024995922088622,0.008349959220886216
63,1,1.0248600244522095,matched,2980,0.003279975547790581,-0.0008700244522095169,0.001189975547790434,0.0016699755477904699
64,1,1.0268000364303589,matched,3015,0.004019963569641183,0.0007699635696412077,5.9963569641219294e-05,0.003379963569641209
65,1,1.0288699865341187,matched,3051,0.004230013465881255,0.0008400134658812508,0.0014800134658814468,0.0041200134658814225
66,1,1.0308200120925903,matched,3075,0.00405998790740969,-0.0007100120925902509,0.00034998790740958796,0.0026799879074097532
67,1,1.0321199893951416,matched,3087,0.0027600106048584205,-0.00012998939514163865,0.0004800106048583608,-6.998939514168967e-05
68,1,1.0324900150299072,matched,3097,0.005909984970092763,0.0006599849700927862,-0.0010200150299071176,0.003879984970092787
69,1,1.0419299602508545,matched,3178,0.0029200397491455643,0.002070039749145547,0.001450039749145482,-0.0007699602508544068
70,-1,1.040120005607605,missed,3268,0.0005300056076049664,-0.0006299943923950835,-0.001199994392395043,-0.0021499943923950493
71,1,1.041509985923767,matched,3283,0.0014200140762328228,0.0005100140762328564,0.00038001407623289296,-0.0040799859237670155
72,-1,1.0382200479507446,matched,3319,0.002740047950744673,0.0007000479507446311,-0.0016699520492553521,0.0005000479507446531
73,1,1.0411800146102905,missed,3349,0.000279985389709525,-0.0006800146102905469,-0.0017900146102904912,-0.006120014610290436
74,-1,1.0366400480270386,matched,3369,0.0025300480270384895,0.0014600480270385852,0.0007100480270385567,-0.01009995197296143
75,1,1.0364999771118164,matched,3390,0.013190022888183606,0.0006900228881836501,0.008050022888183683,0.0012400228881837005
76,1,1.0383700132369995,matched,3396,0.0113199867630005,0.009429986763000553,0.007949986763000405,-0.0043700132369994815
77,1,1.0362399816513062,matched,3473,0.0031700183486937927,0.002450018348693739,0.00047001834869386805,-0.0006199816513061673
78,-1,1.0359899997711182,matched,3515,0.00413999977111823,0.0018999997711182104,0.0027399997711181623,0.0016199997711181524
79,1,1.0360300540924072,matched,3591,0.006849945907592803,-0.00019005409240713256,-0.00012005409240711806,0.004499945907592728
80,1,1.038159966468811,matched,3609,0.004720033531188994,-0.0018099664688109307,-0.0023899664688109556,0.0024600335311890653
81,1,1.0391900539398193,missed,3614,0.0055599460601807316,-0.0072100539398194385,-0.0015000539398193347,0.003239946060180632
82,1,1.0447499752044678,matched,3674,0.006590024795532168,-0.0014999752044677628,0.000840024795532246,0.005750024795532216
83,1,1.0449999570846558,matched,3702,0.008940042915344337,0.00477004291534433,0.004520042915344247,0.007520042915344138
84,1,1.0519299507141113,matched,3734,0.0023000492858886723,2.0049285888612545e-05,-0.0006499507141113359,0.000250049285888565
85,1,1.0528700351715088,matched,3773,0.0016199648284911383,0.0008399648284911354,0.000489964828491285,0.000169964828491187
86,-1,1.0515400171279907,matched,3802,0.008730017127990708,0.004360017127990723,-0.0004199828720092835,-0.0027199828720092523
87,1,1.0534100532531738,matched,3827,0.005069946746826259,0.00013994674682615837,0.0011599467468261793,0.00034994674682620186
88,-1,1.0530400276184082,matched,3885,0.005010027618408186,-0.002849972381591792,-0.003729972381591784,0.003910027618408307
89,-1,1.0485800504684448,matched,4011,0.003070050468444885,0.002190050468444893,0.0019600504684447184,0.002210050468444802
90,-1,1.045930027961731,matched,4038,0.0016200279617308855,-0.0007799720382690722,-0.0015199720382690352,-0.0016599720382690641
91,-1,1.0458099842071533,matched,4060,0.0014999842071532488,0.0009399842071533548,-0.0021900157928467223,-0.004570015792846771
92,-1,1.0501400232315063,matched,4136,0.0011900232315062986,0.00017002323150627774,0.00036002323150641224,-0.0003499767684935762
93,1,1.0514299869537354,matched,4181,0.005080013046264709,0.0014500130462646865,0.0037100130462646153,0.003920013046264659
94,1,1.0563100576400757,matched,4232,0.0024999423599243453,0.0006799423599244125,0.001609942359924288,-0.0005900576400756918
95,1,1.0543800592422485,matched,4443,0.01295994075775142,0.0003799407577513847,-0.0008300592422485487,0.007909940757751421
96,-1,1.0620700120925903,missed,4490,0.0010300120925903489,-0.000329987907409679,-0.0010999879074096164,-0.000609987907409737
97,1,1.0635900497436523,matched,4519,0.0036299502563477137,-0.0004100497436523298,-0.0011900497436523327,0.001189950256347716
98,1,1.0638400316238403,matched,4709,0.002469968376159759,-1.003162384027867e-05,0.0013199683761597747,-0.0027100316238404254
99,1,1.0642999410629272,matched,4714,0.002010058937072845,0.00048005893707281366,0.0007800589370727806,-0.0008799410629272142
100,-1,1.062540054321289,matched,4746,0.0040500543212891316,-0.0008499456787109949,0.00040005432128897844,0.003910054321289103
101,1,1.0639699697494507,matched,4767,0.0009200302505492086,-0.002399969749450781,-0.0029099697494507915,-0.00392996974945059
102,-1,1.0597599744796753,matched,4791,0.0016399744796753435,-0.0005800255203247673,0.0005199744796753336,-0.002080025520324602
103,1,1.0612900257110596,matched,4829,0.00450997428894051,0.0016299742889405167,0.0038499742889404054,0.0010299742889403607
104,-1,1.0597200393676758,matched,4867,0.0021600393676757257,-0.0028899606323242732,-0.0010099606323241694,-0.004449960632324279
105,-1,1.060230016708374,matched,4902,0.002350016708374092,-0.00036998329162596377,-0.0010399832916259122,-0.003199983291626074
106,1,1.0625100135803223,matched,4935,0.0033599864196778295,0.0006699864196777483,-0.000940013580322363,0.00029998641967776685
107,-1,1.0616600513458252,matched,5006,0.0012100513458253026,0.0006900513458252266,0.0002900513458252707,0.0002600513458252962
108,-1,1.0595899820327759,missed,5064,0.0005499820327758975,-0.0004500179672242144,-0.0015100179672240532,-0.004250017967224018
109,1,1.062019944190979,matched,5096,0.003930055809020949,-0.0012199441909790387,0.0008300558090210686,0.0023500558090210344
110,1,1.0646100044250488,matched,5113,0.001339995574951125,-0.0008100044250487493,-0.00024000442504878983,-0.006040004425048817
111,1,1.0612399578094482,matched,5216,0.0020600421905516697,0.0009600421905517909,0.0003400421905517259,0.0009000421905518419
112,1,1.0626699924468994,matched,5242,0.0006300075531004978,-0.002349992446899485,-0.00025999244689933754,-0.00034999244689948306
113,1,1.0627000331878662,matched,5300,0.0022599668121336958,-0.00015003318786610542,4.996681213387255e-05,0.0017799668121338819
114,1,1.062880039215088,matched,5331,0.003159960784912208,-0.00023003921508779612,0.0005599607849120503,0.0026499607849121976
115,1,1.0636500120162964,matched,5341,0.0033099879837035218,0.0003399879837036046,0.0010599879837036585,0.0029599879837036713
116,1,1.0645699501037598,matched,5348,0.002390049896240143,-0.0005299501037596688,0.0007200498962403046,-0.0022099501037597946
117,1,1.0661699771881104,matched,5371,0.0007900228118895569,-0.0009099771881102559,-0.0007099771881102779,-0.0017299771881102988
118,-1,1.063349962234497,matched,5436,0.0009199622344970848,-0.0005300377655028665,-0.00037003776550292855,-0.0015300377655029784
119,-1,1.0630199909210205,matched,5441,0.0005899909210205223,-0.0007800090789795711,-0.0011500090789795525,-0.0017500090789794864
120,1,1.0642199516296387,matched,5460,0.0032200483703612726,0.0005700483703612313,-0.0011299516296385814,-0.001519951629638694
121,1,1.0643199682235718,matched,5487,0.003120031776428167,-0.00013996822357187355,-0.0026099682235718458,-0.0014599682235718614
122,-1,1.0611499547958374,matched,5521,0.0005999547958372986,4.99547958374702e-05,-0.0004100452041626568,-0.0008200452041626782
123,-1,1.061900019645691,matched,5562,0.0008000196456909858,-0.00044998035430898753,-0.002199980354309128,-0.006289980354309055
124,1,1.0642999410629272,matched,5574,0.004740058937072744,-0.0004899410629273238,0.0014800589370727035,0.0018000589370728015
125,1,1.06673002243042,matched,5605,0.0023099775695800684,-0.00020002243041994383,0.000919977569580066,-0.0007400224304199288
126,-1,1.0654699802398682,matched,5655,0.0016099802398681362,0.0011899802398682713,-0.0016100197601318644,-0.0029900197601318013
127,1,1.0701199769973755,matched,5700,0.0012100230026244052,0.0009300230026245693,9.002300262461738e-05,-0.001759976997375512
128,-1,1.0694400072097778,matched,5721,0.003590007209777868,-0.00022999279022206665,0.0018000072097779096,0.003410007209777799
129,-1,1.0674899816513062,matched,5759,0.00255998165130622,0.00023998165130612037,0.0014999816513061592,0.0004299816513062549
130,-1,1.065850019454956,matched,5766,0.0009200194549561225,0.0006400194549560645,-0.0006699805450438578,-0.0009399805450438503
131,-1,1.0650299787521362,matched,5827,0.013069978752136224,-0.001290021247863704,0.0026899787521361684,0.008139978752136123
132,1,1.054919958114624,matched,5850,0.004820041885375881,-0.000489958114624045,0.0011100418853760008,0.0018900418853760037
133,1,1.0568900108337402,matched,5911,0.0066499891662596955,-0.002620010833740194,-8.001083374020723e-05,0.00459998916625981
134,1,1.0578399896621704,matched,5921,0.00570001033782952,0.004320010337829583,0.004230010337829659,0.002120010337829603
135,1,1.0605800151824951,matched,5925,0.0029599848175048127,0.0014899848175049524,0.000779984817504964,-0.00023001518249521347
136,1,1.0610300302505493,matched,5988,0.002119969749450723,0.0018099697494506906,0.00016996974945060472,0.0005899697494506917
137,-1,1.0608799457550049,matched,6003,0.009379945755004782,-0.0005800542449951873,-0.0011400542449950812,0.007739945755004918
138,-1,1.0603100061416626,matched,6039,0.008810006141662496,0.007440006141662625,0.007320006141662505,0.007760006141662501
139,-1,1.0515199899673462,matched,6107,0.001839989967346245,-0.0009100100326537852,-0.0015300100326538502,0.0014499899673461325
140,1,1.0667500495910645,matched,6186,0.005509950408935538,0.00042995040893556435,0.0009699504089355493,0.005109950408935582
141,1,1.0686299800872803,matched,6208,0.0074400199127198086,-0.001529980087280336,-0.0003099800872803371,0.006110019912719755
142,-1,1.0724300146102905,missed,6277,0.0003900146102904234,-0.0015499853897094074,-0.0006299853897093755,-0.0002899853897093685
143,1,1.0756800174713135,missed,6401,0.0019699825286865202,-0.0021900174713134213,-0.000400017471313463,-0.0004500174713135685
144,1,1.0755499601364136,matched,6429,0.0021000398635864226,0.0009800398635864127,-0.0013099601364134905,0.0007700398635863692
145,1,1.0763800144195557,matched,6465,0.0011399855804443693,0.0005499855804442788,0.00022998558044440287,-0.00024001441955556757
146,-1,1.0755599737167358,matched,6501,0.002539973716735755,-0.0005300262832641511,-0.001610026283264121,-0.009270026283264121
147,1,1.0773500204086304,matched,6521,0.009349979591369628,-0.00018002040863041024,0.002629979591369569,0.007529979591369695
148,-1,1.0845500230789185,matched,6573,0.006500023078918504,0.0005800230789183569,0.0009700230789184694,0.0027400230789185187
149,1,1.0835800170898438,matched,6662,0.0038399829101563032,0.0032199829101562383,0.002689982910156319,-0.0008700170898436888
150,1,1.0824700593948364,matched,6752,0.0014099406051635288,0.00039994060516357344,-0.00023005939483633497,-0.00030005939483634947
151,-1,1.0786199569702148,matched,6852,0.002009956970214777,-0.0006900430297851479,0.001169956970214825,-0.004660043029785177
152,1,1.087149977684021,matched,6909,0.001590022315979045,-0.0015199776840209012,-0.0036699776840209974,-0.007489977684020932
153,-1,1.0786800384521484,matched,6956,0.00046003845214848127,-6.99615478516602e-05,-0.0007799615478516486,-0.004239961547851667
154,-1,1.0805000066757202,matched,7009,0.0021400066757202296,0.0010400066757201287,-0.0023499933242798754,-0.0038799933242796847
155,1,1.0840400457382202,missed,7049,0.001869954261779716,-0.0005300457382202417,-0.0007700457382202597,-0.0019900457382202585
156,-1,1.0825200080871582,missed,7071,0.002280008087158114,-0.0023599919128418634,-0.00090999191284169,-0.0022399919128417434
157,-1,1.0893199443817139,matched,7184,0.004679944381713819,0.001639944381713887,0.004119944381713925,0.00249994438171397
158,-1,1.0866899490356445,matched,7194,0.0020499490356444827,0.00023994903564461545,-0.000170050964355406,-0.0014000509643554704
159,1,1.0873899459838867,matched,7240,0.002410054016113383,0.0006100540161133594,0.0002500540161132214,3.005401611333447e-05
160,-1,1.0866600275039673,matched,7274,0.0031400275039672465,9.002750396724934e-05,0.00012002750396722384,-0.0019899724960326104
161,1,1.0888999700546265,matched,7331,0.0022300299453734684,0.00040002994537347014,0.001040029945373444,-0.002449970054626549
162,1,1.090149998664856,matched,7357,0.0022100013351440406,-0.0003699986648559861,-0.001449998664855956,-0.002369998664855988
163,-1,1.0867600440979004,matched,7374,0.0010200440979004632,0.0004100440979004638,-0.0026399559020995333,-0.00466995590209951
164,1,1.0884900093078613,matched,7390,0.0039699906921386585,0.0005899906921387199,0.002659990692138736,0.002899990692138754
165,1,1.091770052909851,matched,7424,0.0011699470901489484,0.00031994709014893097,0.0001499470901489275,-0.0020100529098510123
166,1,1.092170000076294,matched,7454,0.0007699999237060773,-0.0009100000762940486,-0.00022000007629396912,-0.0034000000762939298
167,-1,1.0892599821090698,matched,7478,0.004199982109069911,-0.00016001789093023078,0.002559982109069825,-0.00018001789093013976
168,1,1.089460015296936,matched,7524,0.0005699847030640193,0.0002699847030640523,-0.0021500152969360364,-0.0003800152969359871
169,1,1.087399959564209,matched,7553,0.0021400404357909686,0.0005300404357910793,0.0005400404357909228,-0.0004899595642089416
170,-1,1.0859400033950806,matched,7580,0.002160003395080601,-0.0004499966049194004,-0.0009399966049195019,-0.0010299966049194254
171,1,1.08719003200531,matched,7618,0.0007399679946900051,-0.00037003200531016134,-3.200530995783879e-08,-0.0015200320053101457
172,1,1.0874899625778198,matched,7636,0.0038900374221801926,-0.0006899625778198359,-0.0005599625778198725,0.0021600374221801832
173,-1,1.0890699625015259,matched,7675,0.005139962501525819,0.0019899625015258326,0.003479962501525824,0.0033099625015258205
174,-1,1.087980031967163,matched,7683,0.004050031967163026,0.0018000319671631626,0.003310031967163063,0.003330031967163194
175,-1,1.0839500427246094,matched,7739,0.0037800427246093005,-0.00046995727539056453,0.0014300427246094483,-0.0025699572753905553
176,1,1.0838799476623535,matched,7770,0.0036200523376463956,0.0020900523376465863,0.003010052337646396,0.0018500523376465683
177,-1,1.0859899520874023,matched,7819,0.0007599520874024268,-5.004791259755059e-05,0.0004899520874024343,-0.002340047912597676
178,1,1.0910899639129639,matched,7875,0.012200036087036237,0.0004900360870361276,0.00846003608703616,0.010640036087036231
179,-1,1.0991300344467163,matched,7949,0.010600034446716311,5.003444671625168e-05,0.0008500344467163856,0.008000034446716375
180,-1,1.0905300378799438,matched,8003,0.0023300378799437915,0.0010800378799438182,0.0013600378799438761,-0.0021199621200560514
181,-1,1.089229941368103,matched,8012,0.006579941368103137,0.0001799413681029538,-0.0006100586318968926,0.005139941368103029
182,-1,1.0826499462127686,matched,8071,0.004789946212768514,-0.000930053787231433,0.0025699462127686257,0.003279946212768614
183,-1,1.079010009765625,matched,8126,0.008060009765624931,0.0004800097656250113,0.002880009765624969,0.006370009765624962
184,-1,1.0756800174713135,matched,8156,0.004730017471313408,0.0015000174713135639,0.004190017471313423,0.0021300174713134723
185,1,1.0735000371932983,matched,8316,0.002589962806701651,-7.003719329823355e-05,-0.000780037193298444,-0.0004100371932982405
186,1,1.0739599466323853,matched,8322,0.002130053367614737,0.0007900533676148402,0.00046005336761467674,-0.002379946632385277
187,-1,1.0725799798965454,matched,8351,0.0017499798965454616,-0.0009600201034545286,0.00018997989654545577,-0.0003300201034546202
188,1,1.0769000053405762,matched,8431,0.0021799946594238673,8.999465942371998e-05,0.0011099946594237409,-0.0032500053405761786
189,-1,1.0725699663162231,matched,8495,0.004439966316223121,0.0004899663162232226,9.966316223186666e-06,0.0029699663162230383
190,-1,1.0691699981689453,matched,8535,0.00252999816894528,-0.0004300018310547937,0.001609998168945248,0.00148999816894535
191,-1,1.0671199560165405,matched,8580,0.0015699560165405302,0.00035995601654059683,0.0004099560165404803,-0.00226004398345947
192,1,1.0685100555419922,matched,8629,0.00516994445800778,0.0019899444580078196,0.003559944458007891,0.004829944458007773
193,1,1.0727499723434448,missed,8655,0.001240027656555176,-0.0006299723434448623,-0.00038997234344484433,0.0010300276565551325
194,1,1.073989987373352,matched,8702,0.00646001262664786,0.0009400126266478903,0.0019100126266480277,-0.0013999873733521184
195,-1,1.073199987411499,matched,8781,0.0031999874114989613,0.000729987411498989,0.001309987411499014,0.002129987411499057
196,-1,1.0714499950408936,matched,8798,0.005389995040893547,-0.0002100049591065023,-0.0006700049591064072,0.004509995040893555
197,-1,1.0674099922180176,matched,8831,0.0013499922180175705,-0.0008100077819823692,-0.0010900077819824272,-0.0038400077819824574
198,1,1.0691499710083008,matched,8868,0.003100028991699144,0.0014500289916992148,0.0017700289916993128,0.0010400289916991934
199,-1,1.0693700313568115,matched,8922,0.00391003135681145,0.0030800313568115634,0.000990031356811416,0.0033600313568116214
200,-1,1.0669900178909302,matched,8926,0.002130017890930258,-0.0012099821090698626,-0.0023499821090697814,0.0020400178909301125
201,-1,1.065500020980835,matched,8971,0.00422002098083496,0.0007300209808349667,0.002040020980834889,0.0006600209808349522
202,1,1.0686800479888916,matched,9077,0.001789952011108431,0.0005499520111083012,0.0006199520111083157,-0.00019004798889166175
203,-1,1.0683499574661255,matched,9148,0.0023899574661254697,-2.004253387455357e-05,0.0014299574661253978,0.0023299574661255207
204,1,1.0669599771499634,matched,9217,0.00287002285003668,-0.0013199771499634583,-0.0023899771499633626,-0.0013499771499634328
205,1,1.065250039100647,matched,9253,0.001149960899353042,0.00012996089935302102,0.0003599608993529735,-0.0015600391006469483
206,-1,1.0653599500656128,matched,9272,0.0036299500656127304,-0.00035004993438714216,0.0007799500656127112,0.0031499500656126944
207,-1,1.0651299953460693,matched,9286,0.0033999953460692733,0.0005799953460692286,0.0016799953460693295,0.002669995346069376
208,-1,1.0646899938583374,matched,9287,0.004769993858337429,0.001239993858337396,5.999385833743709e-05,0.004519993858337346
209,-1,1.0617300271987915,matched,9329,0.0018100271987915306,0.0015700271987915126,0.0009900271987914877,-0.0009799728012085396
210,1,1.0621600151062012,matched,9359,0.0006199848937988861,-0.0003300151062011203,-0.0008000151062010907,-0.002170015106201184
211,1,1.0601600408554077,missed,9448,0.0012699591445923808,9.959144592341929e-06,-7.004085540773808e-05,-0.0049500408554077335
212,-1,1.0542900562286377,matched,9561,0.0009900562286377923,-0.001239943771362384,-0.0002799437713623121,-0.002019943771362387
213,-1,1.0540000200271606,matched,9563,0.0007000200271607415,-0.0004399799728393994,-0.0015899799728393837,-0.005199979972839275
214,1,1.0561399459838867,matched,9583,0.005850054016113271,0.00017005401611336346,0.002470054016113332,0.0041200540161132615
215,1,1.056939959526062,matched,9594,0.005050040473937978,0.002050040473938086,0.0022800404739380387,0.004030040473937957
216,-1,1.0646599531173706,matched,9843,0.0064699531173706415,0.0003099531173706982,0.0010199531173706866,0.004439953117370665
217,-1,1.063539981842041,matched,9858,0.005889981842041037,0.0007599818420409576,0.0007599818420409576,0.004239981842041107
218,-1,1.0626200437545776,matched,9867,0.004970043754577658,0.0001100437545775712,0.0028400437545776924,0.0029000437545776414
219,-1,1.0613000392913818,matched,9879,0.003650039291381857,0.0018800392913818076,0.0022600392913818546,0.0011400392913818447
220,-1,1.0581899881362915,matched,9899,0.0005399881362915249,-0.0008500118637084775,-0.0011100118637084044,-0.00232001186370856
221,1,1.0599499940872192,matched,9910,0.0029700059127808487,-2.9994087219264998e-05,0.0010000059127808214,0.0014500059127806608
222,1,1.0614399909973145,matched,9949,0.0015300090026855173,-0.0007799909973145169,0.000260009002685635,1.0009002685551494e-05
223,1,1.062309980392456,matched,9958,0.0015600196075440387,-0.0013899803924559695,-0.0018299803924559654,0.0014500196075439842
224,1,1.0623300075531006,matched,9978,0.0015399924468995074,-0.0007800075531005923,-0.0007300075531004868,0.001329992446899464
225,1,1.063670039176941,matched,10030,0.002159960823059137,0.0009099608230591638,0.0001999608230591754,0.0017999608230589992
226,1,1.0683799982070923,matched,10114,0.0010700017929077266,-0.00045999820709230477,0.0005000017929077671,-0.0017799982070922926
227,-1,1.0654300451278687,matched,10165,0.010950045127868568,-0.0012099548721313802,0.006870045127868707,0.010430045127868715
228,-1,1.0542099475860596,matched,10221,0.0017699475860595282,0.0008999475860596018,0.00044994758605954033,-7.005241394053563e-05
229,1,1.0536500215530396,matched,10236,0.0037499784469603448,0.0008699784469603511,0.0002899784469605482,0.0006699784469603731
230,1,1.0555499792099,matched,10337,0.0035800207901000025,0.0011300207901001613,0.0015600207901000918,0.002970020790100003
231,1,1.056980013847351,matched,10352,0.0021499861526488306,-0.0010400138473509735,0.0005699861526489158,0.0010999861526488353
232,1,1.058650016784668,missed,10383,0.00127998321533207,0.00031998321533199814,-0.0007800167846678807,0.0007999832153320341
233,1,1.0591299533843994,matched,10405,0.0015500466156006532,-0.0008399533843994611,-9.953384399352672e-06,0.0007200466156005447
234,1,1.0603899955749512,matched,10458,0.009850004425048908,0.0017800044250488867,0.006180004425048846,0.0076900044250487465
235,1,1.0644199848175049,matched,10461,0.008730015182495166,0.0014700151824951213,-0.0003899848175048515,0.008610015182495045
236,-1,1.071120023727417,matched,10600,0.0032200237274169208,0.0008300237274170286,-0.00010997627258291232,0.000880023727416912
237,1,1.0731600522994995,matched,10666,0.0028299477005004903,0.0007299477005004995,-1.0052299499463402e-05,0.0006899477005004595
238,-1,1.0730700492858887,matched,10728,0.02147004928588858,0.005260049285888746,0.015630049285888736,0.015040049285888646
239,-1,1.0600199699401855,matched,10838,0.0049499699401855946,3.996994018562461e-05,-0.002000030059814417,-0.0017600300598143992
240,1,1.0620499849319458,matched,10888,0.004960015068054213,-0.0002699849319458547,0.0015000150680541946,0.0015400150680542346
241,-1,1.0664399862289429,matched,11002,0.0033099862289429627,-0.0003200137710570594,-0.0010100137710571389,-0.005980013771057058
242,-1,1.0715099573135376,matched,11088,0.001099957313537514,-6.004268646231381e-05,-0.0017800426864624797,-0.005370042686462462
243,1,1.0774199962615967,matched,11174,0.001890003738403312,-0.0003299962615965768,-0.00015999626159657332,0.001570003738403214
244,-1,1.0765299797058105,matched,11196,0.0006099797058105594,-0.00015002029418953455,-0.0024600202941893468,-0.0033600202941894697
245,1,1.0793100595474243,matched,11212,0.011939940452575737,-0.0008300595474242112,-0.0005200595474244007,0.007059940452575741
246,-1,1.0891300439834595,matched,11301,0.006710043983459535,0.001540043983459416,-0.00018995601654059335,0.005930043983459532
247,-1,1.0827000141143799,matched,11364,0.011460014114379913,0.00025001411437997056,-0.0007299858856200103,0.009000014114379784
248,-1,1.0822900533676147,matched,11392,0.011050053367614776,0.008620053367614844,0.0073500533676147395,0.006330053367614719
249,1,1.0767699480056763,matched,11444,0.0014500519943236867,0.00027005199432372784,0.0009600519943238073,5.005199432384089e-05
250,1,1.0819000005722046,matched,11581,0.002909999427795462,-0.000600000572204662,0.0021699994277954993,0.0028399994277954477
251,1,1.0829499959945679,matched,11599,0.0019100040054320644,-0.0005199959945678678,0.000920004005432018,0.0009300040054320835
252,1,1.0846099853515625,missed,11630,0.000340014648437581,-0.00012998535156238944,-0.0005199853515625019,-0.0008599853515625089
253,-1,1.0833799839019775,matched,11671,0.0015999839019775752,9.998390197751839e-05,-0.002610016098022472,-0.0001400160980224996
254,1,1.0839699506759644,matched,11685,0.0032000493240356143,0.0015400493240356194,-0.00031995067596435334,-9.950675964320865e-06
255,1,1.087939977645874,matched,11786,0.004690022354125967,0.0013800223541260426,0.003330022354125939,0.0024200223541259724
256,1,1.090649962425232,matched,11840,0.0019200375747681075,0.0014000375747680316,3.003757476816027e-05,-0.0027499624252318444
257,-1,1.0903899669647217,matched,11852,0.004629966964721621,0.0003499669647217818,0.002119966964721609,0.0032699669647215934
258,-1,1.0872999429702759,matched,11883,0.0036699429702757858,0.0005799429702759706,-0.0009600570297241262,0.0032599429702759863
259,-1,1.0864200592041016,matched,11900,0.006550059204101455,-0.0018399407958984426,-0.0005199407958984548,0.005670059204101463
260,-1,1.0857599973678589,matched,11910,0.006939997367858997,0.00019999736785880629,0.0016199973678587831,0.006449997367858895
261,-1,1.0804799795150757,matched,11935,0.0016599795150757934,-0.0002700204849244159,0.0012399795150757065,-0.007200020484924297
262,1,1.0877900123596191,matched,11990,0.0038799876403807776,0.001239987640380802,0.0013299876403809474,0.0018199876403808268
263,1,1.0908199548721313,matched,12029,0.003020045127868576,-0.0003599548721313628,-0.0019799548721313176,0.0018900451278687225
264,-1,1.0887900590896606,matched,12054,0.0004900590896605994,-0.00278994091033935,-0.003919940910339426,-0.006059940910339456
265,1,1.0920100212097168,matched,12064,0.00531997879028312,8.997879028327382e-05,-0.0026800212097168874,0.0036099787902832414
266,1,1.095810055732727,matched,12124,0.0011499442672728843,0.0006199442672729649,0.0005299442672730414,-0.0009000557327270009
267,-1,1.0951299667358398,matched,12154,0.006019966735839821,-3.326416009308275e-08,0.0011699667358398003,0.004219966735839797
268,-1,1.0940899848937988,matched,12172,0.004979984893798806,-6.001510620112782e-05,0.002659984893798928,0.0033899848937988253
269,-1,1.0902700424194336,matched,12195,0.0018100424194336107,-0.0001499575805663511,0.00025004241943360483,0.0009300424194336188
270,1,1.0895999670028687,matched,12248,0.004170032997131257,0.0007400329971314346,0.000770032997131409,0.0038100329971313407
271,-1,1.0915199518203735,missed,12339,0.0039499518203736095,-0.0006000481796264445,-4.81796265106027e-08,0.00205995182037344
272,-1,1.0914599895477295,matched,12344,0.0038899895477295665,-8.001045227046255e-05,-0.000530010452270524,0.0007199895477294493
273,-1,1.090309977531433,matched,12402,0.0012099775314331485,0.00035997753143313105,-0.0009900224685668313,-0.00042002246856687186
274,1,1.0878900289535522,matched,12520,0.0049299710464476565,0.0006599710464476605,0.0006599710464476605,0.0045899710464476495
275,1,1.0887800455093384,matched,12534,0.004039954490661524,-0.00023004550933847234,0.0020699544906617184,0.001339954490661599
276,1,1.0897599458694458,matched,12541,0.003060054130554102,0.0017500541305541795,0.0007400541305542241,0.001640054130554125
277,1,1.091189980506897,matched,12589,0.0025400194931031184,4.001949310294961e-05,0.0004600194931030366,0.0013400194931030285
278,1,1.092769980430603,matched,12625,0.006640019569396971,-0.00010998043060306273,-0.0008099804306029856,0.0066300195693969055
279,1,1.0936100482940674,matched,12658,0.006429951705932524,0.004219951705932701,0.005049951705932587,0.0059599517059325535
280,1,1.0989999771118164,matched,12664,0.001510022888183693,-0.0003399771118164363,0.00010002288818355964,0.0006100228881835701
281,-1,1.0983799695968628,matched,12731,0.0007199695968627129,-0.000260030403137268,-0.003110030403137287,-0.006680030403137138
282,1,1.1025199890136719,matched,12754,0.004260010986328222,-0.0014999890136717653,0.0028300109863281797,0.0019600109863280313
283,-1,1.1059600114822388,matched,12832,0.008720011482238776,-9.98851776112808e-06,0.0033500114822386795,0.006460011482238848
284,-1,1.0981600284576416,matched,12899,0.004240028457641598,0.000270028457641569,-0.0007299715423583208,0.0036300284576415986
285,1,1.0971200466156006,matched,13065,0.001279953384399457,1.9953384399418184e-05,-0.0006800466156005047,-0.00020004661560069081
286,-1,1.0964900255203247,matched,13110,0.004750025520324774,0.00013002552032470582,0.0012800255203246902,0.0011500255203247267
287,1,1.0959099531173706,matched,13191,0.0030700468826294625,-0.0001599531173706037,0.0013200468826293221,0.0027500468826293645
288,-1,1.0963399410247803,matched,13258,0.0025499410247802334,2.9941024780377745e-05,-0.0003100589752196292,0.0020099410247802485
289,-1,1.0955599546432495,matched,13305,0.0017699546432494717,-0.00040004535675053354,-0.0017500453567504959,-0.002110045356750412
290,1,1.0972199440002441,matched,13325,0.0021600559997558832,9.005599975586698e-05,-0.0016399440002441423,0.0017200559997558873
291,1,1.0987900495529175,matched,13359,0.0008199504470824959,-0.0001100495529173795,0.00017995044708252195,-0.00012004955291744501
292,-1,1.0984200239181519,matched,13387,0.0018300239181519018,0.00026002391815183046,-0.0001799760818481655,-0.003979976081848191
293,1,1.1020499467849731,matched,13427,0.00314005321502675,0.000270053215026822,6.005321502677852e-05,0.003040053215026761
294,1,1.1031500101089478,matched,13434,0.003549989891052263,-0.00013001010894786447,0.0015099898910522214,0.0023599898910522388
295,1,1.1050100326538086,matched,13467,0.0016899673461914233,-0.00016003265380848397,0.0009099673461914204,-0.0023100326538085802
296,-1,1.105139970779419,matched,13491,0.008659970779419046,0.0024499707794189973,0.0020899707794188593,0.00831997077941904
297,-1,1.10247004032135,matched,13515,0.006430040321350194,0.0009800403213500175,0.004110040321350095,0.00520004032135013
298,-1,1.1009600162506104,matched,13524,0.004920016250610448,0.002270016250610407,0.004220016250610303,0.003850016250610322
299,1,1.0975500345230103,matched,13560,0.007889965476989724,-8.003452301030833e-05,1.9965476989680653e-05,0.006769965476989714
300,1,1.1041699647903442,matched,13660,0.0021800352096557063,0.0003800352096556825,0.0010600352096556964,-0.0003799647903441894
301,1,1.105389952659607,matched,13684,0.000960047340393011,0.00021004734039298256,-0.0006699526596070093,-0.004519952659606918
302,-1,1.104889988899231,matched,13693,0.005669988899230871,0.0010899888992310647,0.00015998889923096726,0.0024699888992310015
303,1,1.1026899814605713,matched,13739,0.0012600185394286978,-0.00030998146057137355,1.8539428658925772e-08,-0.0011099814605712854
304,-1,1.1012400388717651,matched,13776,0.0050000388717650335,0.000640038871765114,0.0025100388717651523,-0.0018299611282348582
305,-1,1.100250005722046,matched,13864,0.0024100057220459714,-0.0005899942779541423,0.0003500057220457986,0.002200005722045928
306,1,1.0975699424743652,matched,13938,0.0030900575256347373,-7.994247436515778e-05,4.005752563474019e-05,-0.0010899424743653352
307,1,1.0976200103759766,matched,13952,0.0030399896240234092,0.00013998962402350656,0.001069989624023382,-0.0017300103759765317
308,-1,1.0979100465774536,matched,13984,0.003690046577453643,-0.0006699534225462767,0.002430046577453604,-0.0018299534225463265
309,-1,1.0959999561309814,matched,13989,0.0017799561309814749,-0.0007700438690185774,0.00012995613098154557,-0.0041200438690185415
310,1,1.1008000373840332,matched,14044,0.003899962615966812,0.00040996261596681904,0.0013999626159668654,0.0031899626159668237
311,1,1.1041300296783447,matched,14082,0.005029970321655197,-0.0008300296783447791,-0.0003200296783447687,0.0018699703216553676
312,1,1.1059399843215942,matched,14120,0.0032200156784056855,-0.0004999843215942601,0.00021001567840572832,0.002430015678405839
313,-1,1.103659987449646,matched,14193,0.005039987449646066,0.0007799874496459136,0.004059987449646085,0.001789987449646091
314,-1,1.1011699438095093,matched,14408,0.0026699438095092454,0.0005999438095092291,0.0009899438095093416,0.002279943809509355
315,1,1.097249984741211,matched,14538,0.001000015258789011,-0.0005999847412110348,-8.99847412110244e-05,-0.0017299847412108882
316,1,1.097730040550232,missed,14557,0.002969959449768078,-0.0012500405502320344,-0.002160040550232001,-0.000980040550232042
317,-1,1.094789981842041,matched,14572,0.0006199818420409287,-0.005290018157958931,-0.0027900181579589844,-0.0037900181579588743
318,1,1.0984899997711182,matched,14619,0.0013200002288817902,-0.00011999977111809557,-0.000849999771118215,-0.00625999977111813
319,-1,1.0969699621200562,matched,14649,0.006949962120056163,0.00394996212005605,0.004959962120056227,0.0056899621200561246
320,-1,1.0918200016021729,matched,14678,0.0018000016021728626,-0.001339998397827058,0.0009300016021729363,0.00029000160217296234
321,1,1.0922399759292603,matched,14727,0.0013200240707398336,0.00016002407073978375,0.0006400240707398197,-0.004119975929260278
322,1,1.0926899909973145,matched,14742,0.0008700090026856344,-0.0019299909973145013,-0.0018999909973145268,-0.007359990997314547
323,1,1.0854899883270264,matched,14820,0.00253001167297362,0.0001800116729735457,0.0005100116729737092,0.0019400116729735295
324,1,1.0864299535751343,matched,14836,0.002660046424865614,1.004642486579499e-05,0.0011200464248657394,0.0006600464248656124
325,1,1.0872100591659546,matched,14846,0.0018799408340453017,-0.0005200591659546561,0.00017994083404548888,0.00046994083404539033
326,1,1.0877200365066528,matched,14913,0.0027499634933472183,0.0004299634933471186,0.00011996349334708611,0.0007699634933471255
327,-1,1.0868099927902222,matched,14968,0.001319992790222102,0.00034999279022218666,-3.000720977786031e-05,-0.00018000720977773277
328,-1,1.0836199522018433,matched,15101,0.0028799522018432278,-0.0001700477981567694,-0.0010100477981567213,0.0027499522018432643
329,-1,1.0834800004959106,matched,15123,0.004950000495910656,-0.000979999504089335,0.00031000049591067835,0.004730000495910547
330,-1,1.0763399600982666,missed,15171,0.0003499600982665996,-0.00036003990173338885,-0.0005100399017334833,-3.0039901733447394e-05
331,-1,1.0772500038146973,matched,15205,0.0012600038146972636,0.00031000381469725724,0.00036000381469736276,-0.002219996185302664
332,1,1.079200029373169,matched,15238,0.0036799706268311194,0.0004999706268311588,0.0015999706268310376,0.0006899706268310712
333,1,1.080430030822754,matched,15247,0.0024499691772461585,-0.0009600308227539767,0.001479969177246021,0.00165996917724609
334,1,1.0824099779129028,matched,15300,0.0007300220870971597,-0.00046997791290293023,-0.0006199779129028027,-0.00028997791290286123
335,-1,1.0807299613952637,matched,15324,0.0011699613952635968,-0.001070038604736423,-0.0014400386047364044,-0.0008600386047363795
336,1,1.0814900398254395,matched,15392,0.0005599601745605032,-0.0009800398254393716,-0.0005100398254394012,-0.003510039825439515
337,-1,1.0802700519561768,matched,15414,0.003970051956176723,-0.00046994804382327615,0.0001500519561767888,0.0031900519561767204
338,-1,1.0784900188446045,matched,15430,0.0024700188446045157,0.0007100188446045319,0.0008700188446044699,0.0014000188446043893
339,-1,1.076990008354187,matched,15443,0.0009700083541870352,-0.0020899916458130274,0.0002600083541870468,5.0008354187003334e-05
340,1,1.0773799419403076,matched,15489,0.002760058059692483,0.0002300580596923396,0.0008900580596924446,0.0015300580596924185
341,-1,1.0749599933624268,matched,15576,0.002139993362426651,-0.00010000663757314676,-0.0005500066375732082,0.001519993362426808
342,1,1.072759985923767,matched,15687,0.003110014076233014,0.0006500140762328854,0.0012500140762328193,0.0014400140762329539
343,1,1.0732100009918213,matched,15688,0.002659999008178815,0.0008199990081787512,0.0001599990081786462,-0.00191000099182137
344,-1,1.0729199647903442,matched,15735,0.002739964790344329,0.0010399647903442943,-4.003520965567553e-05,-0.000410035209655657
345,1,1.0728600025177002,matched,15781,0.0014999974822997864,-5.000251770015396e-05,0.0003199974822998275,-0.0010400025177002004
346,1,1.0735299587249756,matched,15795,0.0008300412750243957,0.0004400412750245053,-0.0018999587249755034,-0.002209958724975536
347,-1,1.0706100463867188,matched,15857,0.0004900463867187899,-0.00047995361328134756,-0.00024995361328117305,4.6386718688395945e-08
348,-1,1.071869969367981,matched,15940,0.0011199693679808664,-0.0006400306320191174,-9.003063201906691e-05,0.001049969367980852
349,1,1.0727100372314453,matched,15950,0.0008499627685547573,0.00030996276855477234,0.0005999627685546738,-0.0036600372314452567
350,1,1.0692100524902344,missed,16059,0.0017799475097657336,0.00015994750976555672,-0.00016005249023431922,0.0011299475097656941
351,-1,1.06836998462677,matched,16083,0.0021799846267700485,0.001129984626770053,-0.0025100153732300345,-0.0077000153732300625
352,1,1.071560025215149,matched,16118,0.005299974784851003,0.002299974784851111,0.004329974784851087,0.004589974784851014
353,1,1.0765399932861328,matched,16171,0.0013700067138671113,-3.9993286132800066e-05,-0.00022999328613271253,-0.00016999328613276354
354,1,1.0769100189208984,matched,16183,0.0009999810791014863,0.00034998107910166887,-1.892089840360711e-08,-0.005600018920898453
355,-1,1.0760300159454346,matched,16207,0.006060015945434483,0.0006300159454346588,0.0037700159454345794,0.006040015945434574
356,-1,1.0705699920654297,matched,16241,0.00222999206542962,-0.0001400079345703631,0.0011899920654296903,0.0011099920654296103
357,-1,1.0693999528884888,matched,16281,0.0019299528884888506,9.995288848885231e-05,-8.004711151121668e-05,-0.0021000471115111274
358,1,1.0699100494384766,matched,16312,0.002339950561523363,-0.0019400494384764766,0.0011099505615235206,0.001019950561523375
359,1,1.0717500448226929,matched,16360,0.0015399551773072062,-0.0008200448226929336,-0.0003700448226928721,-0.002150044822692765
360,1,1.0724799633026123,matched,16372,0.0008100366973877726,3.0036697387769706e-05,-0.0010199633026122257,-0.0032599633026122454
361,-1,1.0682400465011597,matched,16399,0.001530046501159621,0.0008000465011597235,-0.0011399534988403293,-0.0013199534988403983
362,1,1.068269968032837,matched,16411,0.002170031967163144,0.0005700319671630982,0.0012400319671630466,0.0010200319671631597
363,1,1.0696300268173218,matched,16447,0.0008099731826782808,-0.0003500268173217691,-0.00012002681732181664,-0.00014002681732172562
364,-1,1.068869948387146,matched,16468,0.002039948387146051,0.0018899483871459566,-0.0006900516128540701,-0.00047005161285396113
365,1,1.072309970855713,matched,16502,0.001670029144287044,-0.0019899708557129525,-0.0028099708557129954,-0.00159997085571284
366,1,1.0711499452590942,matched,16563,0.007200054740905681,-0.00013994525909422073,0.0007400547409057712,0.0068000547409057255
367,-1,1.0775699615478516,matched,16659,0.002889961547851483,-0.0001200384521484743,0.001229961547851488,0.002589961547851516
368,1,1.0753799676895142,matched,16766,0.00364003231048593,0.0032500323104858175,0.0014500323104857937,0.0008600323104859253
369,-1,1.0760600566864014,matched,16791,0.001750056686401269,0.0016200566864013055,0.00047005668640132114,-0.0010699433135985537
370,1,1.0766899585723877,matched,16839,0.0056700414276122935,0.001230041427612294,0.0027500414276122598,0.0031700414276123468
371,1,1.079609990119934,matched,16861,0.0027500098800659067,0.0011200098800658864,6.000988006582553e-05,-0.0005899901199339919
372,1,1.0795799493789673,missed,16939,0.0014200506210326758,-0.000939949378967242,-0.00013994937896733006,0.0009100506210326653
373,1,1.084879994392395,matched,17073,0.010400005607605012,0.003770005607604876,0.00840000560760501,0.009830005607605052
374,-1,1.0939799547195435,matched,17131,0.000589954719543373,-9.004528045664095e-05,-0.0009000452804566184,-0.00021004528045653892
375,1,1.0953600406646729,missed,17164,0.0016999593353270726,0.0011599593353270876,-0.0028300406646728504,-0.001380040664672899
376,-1,1.0933500528335571,matched,17234,0.0026200528335571516,-0.0002999471664428821,0.0004100528335571063,0.0005900528335571753
377,-1,1.092519998550415,matched,17254,0.0017899985504150617,0.0004799985504151394,0.0003099985504151359,0.0006599985504149863
378,1,1.092270016670227,matched,17304,0.002359983329772941,-1.0016670227042113e-05,-0.00034001667022698356,0.0007999833297729353
379,1,1.0923700332641602,matched,17335,0.0022599667358398356,0.00042996673583983736,0.00028996673583980836,-0.001060033264160154
380,1,1.0932300090789795,matched,17341,0.0013999909210204997,-0.0007100090789795566,-0.0004600090789794731,-0.00196000907897953
381,-1,1.0922900438308716,matched,17362,0.003110043830871545,0.0008900438308716563,0.0023200438308714766,0.00019004383087151133
382,1,1.0917600393295288,matched,17395,0.001239960670471163,0.00012996067047121862,-0.00015003932952883936,0.000999960670471145
383,1,1.0992399454116821,matched,17508,0.0019800545883179588,1.005458831793149e-05,-0.00046994541168210446,-0.0022899454116820372
384,-1,1.0968199968338013,matched,17563,0.003599996833801189,0.0013599968338011692,0.0011899968338011657,0.002959996833801215
385,-1,1.0952600240707397,matched,17606,0.010820024070739676,0.001370024070739717,0.001950024070739742,0.005860024070739822
386,1,1.0896300077438354,matched,17684,0.001479992256164575,0.0004299922561645797,0.0008999922561645501,0.0005799922561644522
387,1,1.0904699563980103,matched,17691,0.0006400436019897704,6.0043601989745454e-05,-9.95639801026904e-06,0.00011004360198985097
388,-1,1.0902800559997559,matched,17761,0.00028005599975577944,-0.001069944000244183,-0.00024994400024414,-0.0024299440002442108
389,1,1.0941599607467651,matched,17832,0.003530039253234918,0.0004500392532349462,0.002330039253234828,0.0018800392532347665
390,1,1.0952999591827393,matched,17840,0.0023900408172607968,6.0040817260631485e-05,0.000330040817260846,0.000190040817260817
391,-1,1.095620036125183,matched,17885,0.0020100361251831345,-0.0003099638748169653,0.0007000361251832121,-0.0002699638748169253
392,-1,1.0954500436782837,matched,17892,0.0030800436782836282,0.00018004367828372558,0.0001900436782837911,0.0030300436782837448
393,-1,1.0923700332641602,matched,17944,0.0030500332641600902,0.0012700332641601975,0.00041003326416011454,0.002600033264160251
394,-1,1.090999960899353,matched,17984,0.0029299608993529347,0.00018996089935297,0.0017899608993530158,-0.0019900391006468787
395,1,1.0868699550628662,matched,18083,0.004130044937133759,-0.00010995506286626267,9.004493713371531e-05,0.003810044937133883
396,-1,1.0866999626159668,matched,18104,0.0031599626159668492,0.0026599626159669043,0.0013799626159667344,-0.004630037384033114
397,-1,1.0906200408935547,matched,18178,0.0036000408935545902,0.0002100408935545861,-0.0005699591064454168,0.00031004089355479714
398,1,1.0891499519348145,matched,18218,0.004250048065185474,0.0013800480651855462,0.0018400480651854512,0.00214004806518564
399,-1,1.0908399820327759,matched,18280,0.0018699820327758854,0.00035998203277598506,-0.0006400179672241268,0.00021998203277595607
400,-1,1.089210033416748,missed,18316,0.0017100334167481357,-0.0006399665832519386,-0.0009799665832519455,0.0013500334167479977
401,-1,1.087499976158142,matched,18388,0.0008599761581420395,-0.0011800238418580022,-0.0003100238418578538,-0.0010100238418579988
402,1,1.0895700454711914,matched,18418,0.0006399545288084951,-0.0005100454711914892,-0.003310045471191403,-0.004220045471191369
403,-1,1.08502995967865,matched,18467,0.0016599596786499582,0.0006899596786498208,-0.0005000403213502036,-0.0035600403213500442
404,1,1.0869300365447998,matched,18504,0.0031399634552002897,9.963455200212579e-06,3.996345520018707e-05,0.0016699634552002074
405,1,1.0891499519348145,matched,18577,0.00813004806518558,-0.000849951934814408,-0.0017599519348143744,0.008030048065185591
406,-1,1.0962300300598145,matched,18657,0.0018700300598144537,0.00017003005981441888,0.0010000300598145273,0.0015300300598144467
407,1,1.0965499877929688,matched,18692,0.0034900122070311568,-0.0005899877929687047,-0.0018499877929687436,0.003430012207031208
408,-1,1.0997300148010254,matched,18798,0.002040014801025336,0.0015300148010253256,0.0006000148010254502,-0.001429985198974526
409,-1,1.1025700569152832,matched,18875,0.0012100569152833085,-7.994308471670486e-05,0.0010900569152831885,-0.010989943084716902
410,-1,1.1018400192260742,matched,18895,0.0004800192260743241,-0.0004899807739258133,-0.010189980773925855,-0.011639980773925807
411,1,1.1145100593566895,matched,18955,0.004999940643310552,5.9940643310607555e-05,0.00019994064331063655,0.004919940643310472
412,1,1.115779995918274,matched,18977,0.007010004081726029,0.0007200040817261222,0.0021900040817259825,0.0067800040817260765
413,1,1.1170099973678589,matched,18982,0.0058700026321412135,0.0009800026321411526,0.001650002632141101,0.005860002632141148
414,1,1.1229599714279175,matched,19046,0.0015400285720825746,0.0006700285720824262,0.00036002857208261574,-0.0010899714279175576
415,-1,1.1215699911117554,matched,19090,0.0005799911117554402,-0.0015200088882445506,-0.0023400088882445935,-0.00020000888824456275
416,-1,1.1226500272750854,matched,19121,0.0012000272750853913,5.002727508540694e-05,0.0006700272750854719,-0.0015899727249144568
417,-1,1.122290015220642,matched,19135,0.0008400152206420319,-3.9984779357959965e-05,-0.0004299847793578504,-0.00037998477935796693
418,1,1.1228400468826294,matched,19152,0.0020399531173707075,0.001229953117370508,0.001229953117370508,0.0006099531173706652
419,1,1.1246099472045898,matched,19230,0.002970052795410183,-0.0006299472045898646,-0.0002999472045899232,-0.00045994720458986116
420,-1,1.1228100061416626,matched,19275,0.0019200061416626557,-0.0019899938583374244,-0.000899993858337389,-0.00035999385833740405
421,-1,1.1223100423812866,matched,19288,0.0014200423812866791,-0.00037995761871334466,-0.0005899576187133881,0.0005400423812866872
422,1,1.1231499910354614,missed,19313,0.0008700089645385933,-0.00034999103546140553,-0.0010299910354614195,-0.001119991035461343
423,-1,1.1221799850463867,matched,19329,0.0039099850463866215,-0.00020001495361321453,-0.000490014953613338,0.003439985046386651
424,1,1.123729944229126,missed,19358,0.00029005577087404255,-0.002389944229125973,-0.0023599442291259987,-0.0041199442291259825
425,1,1.1199400424957275,matched,19395,0.00295995750427247,0.00023995750427241447,5.995750427256752e-05,0.0021199575042725183
426,1,1.1204999685287476,matched,19417,0.0024000314712524506,-9.968528747572591e-06,0.0021000314712524837,0.0006800314712525068
427,-1,1.1218600273132324,matched,19439,0.009170027313232465,0.0006500273132323819,0.0010000273132324544,0.00898002731323233
428,1,1.1134799718856812,matched,19505,0.0010100281143188283,-0.000479971885681163,-3.997188568116705e-05,0.0001900281143187854
429,1,1.113800048828125,matched,19519,0.0006899511718749807,-3.0048828125073257e-05,-2.0048828125007745e-05,-0.0006200488281249417
430,-1,1.1121599674224854,matched,19560,0.001359967422485342,-0.0009400325775146268,0.0007899674224853825,-0.0007900325775147543
431,1,1.113029956817627,matched,19600,0.001670043182373071,-0.0004999568176269342,6.004318237295969e-05,-0.005179956817626952
432,-1,1.1074700355529785,matched,19666,0.0014900355529785525,-0.0004499644470215003,0.0009100355529785276,-0.0001699644470214423
433,-1,1.106909990310669,matched,19685,0.0009299903106689822,0.0008599903106689677,0.0005099903106688952,-0.0007200096893309471
434,1,1.1076899766921997,matched,19716,0.0010000233078002463,-0.0005399766921996285,0.0005600233078002503,-0.004699976692199792
435,-1,1.1052600145339966,matched,19743,0.0032000145339965425,0.0005000145339966178,0.0016500145339966021,-0.00025998546600347616
436,1,1.10548996925354,matched,19791,0.0008000307464599565,-0.00026996925353994783,-0.00032996925354011886,0.0007400307464600075
437,1,1.1089099645614624,matched,19901,0.006060035438537614,0.0018500354385375672,0.0008600354385375208,-0.0008099645614623174
438,1,1.1117899417877197,matched,19927,0.00318005821228029,-0.002529941787719814,0.0010900582122803648,-0.01264994178771972
439,1,1.1144100427627563,missed,19937,0.000559957237243669,-0.005090042762756264,-0.015210042762756393,-0.016250042762756323
440,1,1.1033400297164917,matched,20049,0.0014299702835083306,0.0004999702835082331,-0.0011300297164917872,-0.00191002971649179
441,-1,1.1015199422836304,matched,20076,0.0009799422836302973,-0.00045005771636952296,-0.0007300577163695809,-0.0004400577163696795
442,-1,1.1009299755096436,matched,20108,0.00038997550964348093,-0.00042002449035649647,-0.00055002449035646,-0.00047002449035637994
443,1,1.1017600297927856,matched,20118,0.0028299702072143162,0.0017999702072144519,0.00033997020721443505,-0.002210029792785617
444,1,1.0988999605178833,matched,20204,0.0011300394821167625,-0.0016099605178832022,-0.0016799605178832167,-0.0015099605178832132
445,-1,1.0970200300216675,matched,20221,0.0017700300216674236,-0.001209969978332559,-0.0005999699783325596,-0.0013999699783324715
446,-1,1.098140001296997,matched,20318,0.006360001296997098,8.000129699703429e-05,0.0011200012969969642,0.004170001296996961
447,-1,1.0968300104141235,matched,20331,0.0050500104141235624,0.0011900104141235879,0.003060010414123626,0.0025100104141235757
448,-1,1.0953799486160278,matched,20336,0.0035999486160278593,0.0008099486160277891,0.0010799486160277816,0.0014199486160277885
449,1,1.0945500135421753,missed,20382,0.0010899864578246543,-0.0011300135421752344,-0.0017800135421752739,-0.0019700135421751863
450,-1,1.091920018196106,matched,20408,0.0006800181961059693,0.00014001819610598432,-0.0015199818038940105,-0.0029599818038941184
451,1,1.093850016593933,matched,20423,0.0024299834060668157,0.0013799834060668204,0.0005799834060669085,0.001269983406066988
452,1,1.0950000286102295,matched,20466,0.001159971389770531,-0.0001900286102294313,0.0007399713897704441,-0.0008600286102296018
453,-1,1.0947999954223633,matched,20504,0.0013099954223632082,9.99542236335138e-06,0.00044999542236334733,-0.007080004577636689
454,-1,1.0944299697875977,matched,20507,0.0009399697875975832,-0.00019003021240227014,-0.007700030212402398,-0.0064100302124023845
455,-1,1.1003600358963013,matched,20563,0.003770035896301316,0.00011003589630131927,0.00031003589630129724,0.0037200358963012103
456,-1,1.1000200510025024,matched,20574,0.0034700510025025277,-0.00010994899749761089,0.001750051002502362,-0.0002499489974976399
457,-1,1.0998799800872803,matched,20666,0.003619980087280261,0.0002899800872802061,0.0010499800872803,0.0034499800872802577
458,1,1.0990400314331055,matched,20684,0.00207996856689463,0.001739968566894623,-0.0013500314331054142,-0.0038600314331054264
459,1,1.0962200164794922,matched,20762,0.0026599835205078914,-0.0007500164794922437,0.0001299835205077482,0.0019799835205078775
460,1,1.096519947052002,matched,20766,0.002360052947998126,0.00015005294799808055,0.000620052947998051,0.0015200529479979519
461,1,1.0969699621200562,matched,20781,0.0025700378799438095,-0.00028996212005605315,0.00036003787994376424,0.0013200378799438361
462,1,1.0988099575042725,missed,20829,0.00037004249572758496,-0.0009699575042725339,-0.0008599575042724794,-0.0009099575042723629
463,1,1.0977699756622314,matched,20865,0.008760024337768568,7.002433776848171e-05,0.0007500243377684956,0.0038300243377684673
464,1,1.1001700162887573,matched,20987,0.000319983711242644,-0.0019800162887573247,-0.0002400162887572499,-0.005480016288757383
465,-1,1.0954999923706055,matched,21015,0.0025699923706055117,0.0006299923706054589,0.0008099923706055279,0.002399992370605508
466,-1,1.0943299531936646,matched,21042,0.0017199531936644696,3.9953193664565845e-05,0.0009599531936645977,-0.0007300468063353716
467,-1,1.0939699411392212,matched,21051,0.0037499411392212245,0.0008999411392212053,0.0003099411392211149,0.0033899411392210865
468,-1,1.0903199911117554,missed,21147,0.0002699911117554077,-0.00042000888824467175,-0.0002900088882447083,-0.0027400088882445495
469,1,1.0917400121688843,matched,21170,0.0035099878311157795,-0.0005600121688842385,0.00030998783111568784,0.0009599878311157273
470,1,1.0905100107192993,matched,21246,0.002949989280700782,0.00012998928070073745,0.0009299892807006493,0.0012199892807007728
471,1,1.0911799669265747,matched,21260,0.0022800330734253915,0.00022003307342521872,0.0011700330734252251,-0.00028996692657479173
472,1,1.0917999744415283,missed,21266,0.0016600255584717782,0.0010300255584716478,-0.00010997444152827107,-0.0037099744415283187
473,-1,1.0896400213241577,matched,21305,0.0035000213241576095,0.0013100213241576952,0.0017500213241576912,0.003310021324157697
474,-1,1.0871599912643433,matched,21337,0.0010199912643431563,-0.0002600087356567915,0.00033999126434336446,-0.00020000873565684252
475,1,1.0869200229644775,matched,21361,0.004929977035522448,0.000999977035522459,0.0017299770355223565,-0.0009800229644776337
476,1,1.087399959564209,matched,21431,0.0019800404357910306,-0.00014995956420893464,0.0016400404357910237,-5.995956420901116e-05
477,-1,1.0882099866867065,matched,21453,0.003699986686706458,0.0003499866867064938,0.0017899866867066017,0.0009799866867066243
478,-1,1.0864399671554565,matched,21469,0.001929967155456458,-0.0011400328445434482,0.000889967155456528,-0.0005900328445433978
479,1,1.0878599882125854,matched,21529,0.003510011787414502,-0.0003299882125853415,0.0002500117874144614,0.002610011787414601
480,1,1.0883699655532837,matched,21558,0.00300003444671626,-5.9965553283580775e-05,0.001400034446716214,0.001340034446716265
481,-1,1.0893800258636475,matched,21582,0.0018400258636475098,0.0005900258636475364,-0.000559974136352448,-0.001239974136352462
482,1,1.090149998664856,matched,21630,0.00290000133514412,0.0006200013351440603,0.0011500013351439797,-0.003539998664855881
483,1,1.0909500122070312,matched,21634,0.002099987792968827,-6.00122070313347e-05,0.0016099877929687256,-0.0058300122070311655
484,1,1.0853400230407715,matched,21726,0.0018099769592285764,0.00038997695922859954,0.00026997695922847953,-0.002570023040771474
485,1,1.0857499837875366,matched,21739,0.0014000162124634397,-0.0001399837875366572,-0.003319983787536618,0.00031001621246340427
486,1,1.0866600275039673,matched,21817,0.0010099724960326295,0.0003099724960327066,0.0004099724960326956,-0.0011900275039673502
487,-1,1.0858500003814697,matched,21843,0.004430000381469679,-0.0012399996185301632,-0.0004599996185303823,0.0033000003814698253
488,-1,1.0852199792861938,matched,21855,0.004719979286193832,-0.00036002071380614176,0.0017299792861937835,0.004289979286193901
489,-1,1.0814199447631836,matched,21890,0.0029799447631835285,-0.000960055236816304,0.00027994476318360384,0.002889944763183605
490,-1,1.0805000066757202,matched,21909,0.003890006675720148,0.0006400066757201728,0.0017900066757201571,0.0015000066757202557
491,1,1.0814199447631836,matched,22087,0.0024100552368164774,-0.0007799447631835488,0.00024005523681647212,0.001820055236816387
492,-1,1.080839991569519,matched,22142,0.0026199915695190867,-0.00016000843048091795,0.0015999915695190658,-0.007440008430480871
493,-1,1.086709976196289,matched,22210,0.0011999761962890876,-0.00022002380371088925,9.97619628906321e-06,-0.001740023803710855
494,-1,1.0863399505615234,matched,22220,0.0008299505615234626,-0.0008000494384765577,-0.0003100494384764563,-0.006040049438476469
495,1,1.0893700122833252,matched,22251,0.005179987716674717,0.0030299877166748423,0.0036299877166747763,0.003579987716674893
496,-1,1.0918300151824951,matched,22274,0.0005000151824952059,-0.000519984817504815,-0.0008999848175048619,0.00030001518249522796
497,1,1.0845099687576294,matched,22396,0.0036700312423705306,-0.00040996875762933094,0.00019003124237060298,0.0021800312423705392
498,-1,1.0837600231170654,matched,22417,0.005750023117065517,-0.0019999768829346287,-0.0011299768829344803,0.005050023117065372
499,1,1.0782099962234497,matched,22497,0.0026800037765501994,5.00037765502892e-05,0.0012800037765503536,0.0007600037765502776
500,-1,1.0795400142669678,matched,22544,0.0012000142669676972,-6.998573303218514e-05,-5.9985733032119626e-05,0.0009100142669677957
501,-1,1.0792499780654907,matched,22572,0.0050599780654907445,-0.00012002193450921794,0.00014997806549077453,0.0036999780654907166
502,-1,1.0780600309371948,matched,22609,0.007440030937194919,0.0013700309371948993,0.002510030937194818,0.005360030937194837
503,-1,1.0719300508499146,matched,22682,0.0006100508499145008,-0.0006199491500853416,-0.00015994915008543664,-0.001569949150085348
504,1,1.0736099481582642,matched,22703,0.001280051841735741,-0.0006999481582641298,0.00018005184173586208,-0.0008099481582641843
505,-1,1.072510004043579,matched,22737,0.002040004043579069,0.0004100040435790486,-0.00021999595642085978,-0.00027999595642080877
506,1,1.072759985923767,matched,22783,0.00042001407623293296,0.00010001407623283498,-0.0007899859237670004,-0.0021399859237671848
507,-1,1.0715399980545044,matched,22804,0.0029299980545043347,0.0004199980545043225,0.0004599980545043625,0.0017699980545042848
508,-1,1.0707099437713623,matched,22819,0.002099943771362245,0.0001899437713623886,0.00039994377136221004,0.000919943771362286
509,-1,1.0704100131988525,matched,22826,0.0018000131988524792,0.0010300131988525418,-0.00021998680114743152,0.0003200131988525534
510,-1,1.070770025253296,matched,22908,0.0013500252532958612,0.0009000252532957997,-0.0018699747467041394,-0.0003199747467041991
511,-1,1.0722399950027466,matched,23014,0.0006899950027465795,0.00012999500274668563,-0.00271000499725349,-0.0027200049972533336
512,1,1.075219988822937,matched,23068,0.0016600111770630477,-0.00011998882293706714,-0.0013499888229369095,-0.004489988822937052
513,-1,1.0737299919128418,matched,23087,0.0031799919128419063,-0.00022000808715816333,0.001809991912841813,0.001209991912841879
514,-1,1.07122004032135,matched,23113,0.0006700403213502071,-0.00010995967864979583,-0.0005499596786497918,-0.004019959678649876
515,-1,1.070870041847229,missed,23115,0.00032004184722911333,-0.0005199581527710606,-0.0023799581527710334,-0.005029958152771075
516,1,1.0734399557113647,matched,23145,0.003030044288635292,0.002130044288635169,0.0026200442886352704,8.004428863528368e-05
517,-1,1.0744400024414062,matched,23182,0.0033700024414062835,0.00011000244140624282,0.0012700024414062927,-0.0003299975585937531
518,-1,1.073490023612976,matched,23197,0.0024200236129761077,0.0004900236129761204,-0.000299976387023948,0.0003000236129759859
519,1,1.0734200477600098,matched,23258,0.001799952239990299,0.0008899522399903326,0.0015899522399902555,-0.004110047760009783
520,-1,1.073240041732788,matched,23293,0.010100041732788112,4.1732788114146047e-08,0.007320041732788107,0.009110041732788066
521,-1,1.065500020980835,matched,23321,0.002360020980834987,-0.00037997901916497767,0.0016300209808348676,0.001560020980834853
522,1,1.0646799802780151,matched,23367,0.0022500197219847973,-0.0005299802780152074,-0.0003799802780151129,0.002100019721984925
523,1,1.0669300556182861,matched,23408,0.001859944381713774,-0.0003300556182861403,0.00029994438171376814,-0.00047005561828616926
524,1,1.066849946975708,matched,23467,0.003040053024292,-0.0009899469757079782,0.00015005302429194067,0.0023700530242920514
525,-1,1.0680500268936157,matched,23563,0.0005300268936156982,6.002689361572777e-05,-0.0007099731063842096,-0.0010299731063843076
526,1,1.069540023803711,matched,23586,0.002269976196288992,0.0011199761962890076,-0.0008400238037109542,-0.0018500238037109096
527,-1,1.068310022354126,matched,23606,0.0007600223541259776,0.00027002235412587616,0.0003900223541259962,-0.00022997764587406877
528,1,1.0686099529266357,matched,23647,0.004120047073364219,-0.0007099529266356708,-0.0004099529266357038,0.0031700470733642128
529,1,1.0727299451828003,matched,23705,0.0009700548171998058,0.00029005481719979187,-0.006859945182800198,-0.009289945182800352
530,-1,1.0627700090408325,matched,23746,0.0011300090408326025,-0.0007899909591675414,-0.002269990959167467,-0.0034599909591674916
531,1,1.0654699802398682,matched,23767,0.0018900197601319224,-0.00024998023986810836,-0.0019599802398682087,0.0002900197601318766
532,1,1.066140055656433,matched,23794,0.001219944343566981,-0.00011005565643307236,0.0002299443435669346,-0.0009800556564329987
533,-1,1.065310001373291,matched,23837,0.003820001373290971,0.0001600013732909744,-2.9998626708938048e-05,-0.000769998626708901
534,1,1.0660699605941772,matched,23887,0.0011100394058227714,-0.0005099605941771834,-0.0013699605941772663,-0.0016599605941771678
535,-1,1.0631500482559204,matched,23962,0.005620048255920329,-0.0008899517440796867,0.003430048255920415,0.0038800482559204763
536,-1,1.0585399866104126,matched,24025,0.001539986610412658,-0.0008300133895873252,-0.00013001338958740227,-0.0010500133895874342
537,-1,1.0580500364303589,matched,24035,0.0010500364303589471,-0.00044996356964110973,0.00028003643035878767,-0.0005799635696410732
538,1,1.0602999925613403,matched,24070,0.0006100074386596877,-0.0010999925613404127,-0.003129992561340389,-0.003409992561340225
539,-1,1.0561800003051758,matched,24122,0.000710000305175873,-0.0008499996948241328,0.0001800003051757315,-0.0003199996948242134
540,-1,1.0508400201797485,matched,24184,0.002030020179748515,5.002017974864437e-05,0.0003000201797485058,0.0003900201797484293
541,1,1.0518800020217896,matched,24252,0.006019997978210512,0.002159997978210537,0.001999997978210377,0.00436999797821036
542,1,1.0567200183868408,matched,24316,0.004979981613159268,-0.0005200183868407926,0.0012999816131591402,0.004789981613159133
543,1,1.0583300590515137,matched,24336,0.0033699409484864162,0.002679940948486337,0.0018599409484862939,-0.0012800590515136268
544,-1,1.0589900016784668,matched,24365,0.003250001678466896,0.0012200016784666978,0.0024800016784667367,0.0022300016784668752
545,-1,1.0570000410079956,matched,24380,0.0012600410079957047,0.0004900410079955453,-0.0003499589920044066,3.0041007995640356e-05
